prices,market_caps,total_volumes
0.4352380375589471,0.42552498661160687,0.285420476749894
0.41787498983543436,0.4053234493765192,0.23053974824617662
0.400327025921273,0.39128047908298846,0.20973366666673487
0.37640956626068167,0.35793933383104903,0.2025993448507769
0.35794373447872463,0.35186451848539146,0.18910212338323062
0.3608903647847672,0.3624909582053486,0.18935400454164752
0.38013464537507247,0.3714904533821759,0.153391936503951
0.40323935050289705,0.39230733139992413,0.17127358210410004
0.37361064147127543,0.36242256762830527,0.15301086646652873
0.36936094547712717,0.36783544843239024,0.14504424903980462
0.2829762918168539,0.2761865231185734,0.1409941942225762
0.3208470875677625,0.3150801375900154,0.15035261775492603
0.3068407690935704,0.30263780711728483,0.143653325624151
0.33963146668345967,0.3253538685715016,0.16209828642055657
0.3050617175209043,0.31653823195718456,0.15578148182026008
0.2969297942943627,0.28991916139236906,0.15944659306842834
0.3056021793470105,0.29999365118686994,0.17292897966301268
0.335903579221946,0.3281772738125768,0.1719757683067944
0.35201132257016,0.34398638051313135,0.15904859420595518
0.5196079442859887,0.5092071167229504,0.21034632835693334
0.520781637354875,0.5096301157761856,0.2382501587703738
0.5295551787632489,0.5236553639760082,0.2401420671115837
0.5705440943462623,0.5584795245429426,0.2633117507853109
0.5668240062071863,0.5548329843716022,0.2724878225361651
0.6126353209261115,0.5816485844924015,0.2916335986229862
0.606400977730889,0.5914561193675434,0.30011088363740246
0.6131216536808264,0.5984488335031903,0.30494877790429786
0.6109699014700931,0.6024763878298103,0.3068573523304977
0.583161378725233,0.5766703477921684,0.2803716317387773
0.5937709056339209,0.5796958864734814,0.30430364773613505
0.6121290472655883,0.5933959182434103,0.30837063356921357
0.6062940122091005,0.5967367665448968,0.299830332477642
0.551078189889112,0.5316286993813932,0.2945129606672786
0.5378185588422362,0.5325735178585846,0.2925110735995
0.565629012512761,0.5559138876420544,0.2818065760016233
0.5736635109723274,0.5616491537043684,0.2787843254804806
0.5435045359121009,0.5339401714673899,0.27196187530817395
0.5413698088104981,0.5287460382778928,0.26788274902706943
0.5231888755979996,0.5121423997695569,0.24903668390780076
0.5242466108186026,0.5131831344946356,0.253416950852169
0.6744926893957057,0.6606432339843886,0.29313981238158415
0.6366926247911016,0.629611668513542,0.31636072699903084
0.5862081069011653,0.5801292266673181,0.2996355274660576
0.533642726267499,0.5061190256194017,0.2700847789016888
0.50857800280356,0.4978500909463808,0.26802796581630917
0.5228269573233195,0.511383903798694,0.2640561105646543
0.526710535743355,0.5258333800882031,0.24432504978520864
0.511512407986447,0.5012343927210505,0.23141475065570372
0.41637186505694235,0.4534927198580565,0.20707700833559095
0.46510582950065515,0.4476911000337358,0.2188049991652794
0.491621480177562,0.4786251102319019,0.22262276686793403
0.49962473104075933,0.48941377847896295,0.21870370798245786
0.5231966841061233,0.5122721939173349,0.21899565736290816
0.5321125027326348,0.5151646662745764,0.22263064233721608
0.5392400020738464,0.5284265937471844,0.23028639470914025
0.5478488149387237,0.5340444059216143,0.23039377857623056
0.5450532593212971,0.5337647748625418,0.23069773336391708
0.5872384343702262,0.5847621288593565,0.23993266123951995
0.538985113744161,0.5411794072184959,0.22701924895970382
0.5772432804826089,0.5693530772063653,0.22315061050884388
0.6176016212954751,0.604989803764699,0.23964366300041684
0.579559080126498,0.5805273509819662,0.22954979149810806
0.5568752573271318,0.5412371949271888,0.23240726942978118
0.5925313085589377,0.580411363065453,0.2336257742445128
0.5973402732501922,0.5851411014858332,0.19596410134563724
0.5878464502175804,0.5738247579352951,0.1690440320312011
0.5536709857775932,0.5423037994643298,0.15526998887300836
0.5897740601966932,0.5815109432701453,0.1485238980789877
0.6114485336421485,0.5990288300313935,0.1325810251698032
0.5783004014495194,0.5787056222379503,0.12257854507642163
0.5736380513597066,0.5496332287266803,0.13139943201153148
0.5581767085109188,0.5499895674618163,0.1253540270589778
0.5649309297829541,0.5416739965607666,0.11783101494453663
0.5843832231188371,0.5812660557705573,0.11052893975146405
0.588359402324568,0.5827429879273227,0.11372426464685503
0.5717091218520549,0.5606138233684366,0.11956015473377835
0.5817264141658898,0.569927936706117,0.12061105970413866
0.5542427295805847,0.5455560440771396,0.0977399180281181
0.5565543686604517,0.5377161975876037,0.10714599021055338
0.568275177262743,0.5492329600907864,0.10491249717744344
0.586193120200444,0.577647249428642,0.09542226186336211
0.5901420537611237,0.5782313072209115,0.10721919827638493
0.5980020296878052,0.5859557884609217,0.09937498925898613
0.5941861003013189,0.5822133941581686,0.09752060046716737
0.6192022177762517,0.6097990515166654,0.10326807568465057
0.6733765278296211,0.6612992350126037,0.12072484319857557
0.5955313298185985,0.5692593639836963,0.11872233892917383
0.6494897811581319,0.6243177042565033,0.1419307413007458
0.5932899403979031,0.5813816713305213,0.12313508094288206
0.6150164119581047,0.6039012063723295,0.13257545951855076
0.6184773266794439,0.6050995308041518,0.1387994093895235
0.6275397797402169,0.6153728416925164,0.1412424662553573
0.5999081690647845,0.5879170981788562,0.13307586492762857
0.5843407434941854,0.5726459236573085,0.1351154067307253
0.5828946121504579,0.5700724313652659,0.1339596799568249
0.5716678164741262,0.5554760927304967,0.14582749975748988
0.5634902743166172,0.5420379507201947,0.16706824972590217
0.5582443330428211,0.5572304216755972,0.19088822074875011
0.5483006296323536,0.5447868288117297,0.19805331532749726
0.4974079788923289,0.4900773826500373,0.19790226626802998
0.5246347120803136,0.5140986912146142,0.2057009884029507
0.462482667173985,0.4438814321504143,0.21558974697361488
0.46544433162363585,0.466013188300094,0.2267523546451612
0.4736659514756276,0.4673465986894172,0.2296396347770614
0.46180469431513416,0.4503298105694089,0.21672758933178116
0.4770895987623929,0.46746708577554497,0.22808237553441335
0.38412666180270527,0.37773958821853704,0.24307420887813358
0.4037756400597443,0.3971489952965124,0.26197617220262315
0.40550465670633695,0.4043278513913169,0.26016892180783646
0.40656389813904603,0.40022747832659356,0.2580934864047636
0.472927745746234,0.4615290819884672,0.25840649152169193
0.4689903963608897,0.4695158520771816,0.23942695411519133
0.4626101657492656,0.4524895723248292,0.2251492439192122
0.4872048302779035,0.47747950623630864,0.22878510203432534
0.48540197922551,0.4757169357816302,0.21788614713031562
0.5000773988858018,0.47260343535868543,0.2219878764984976
0.502391706239175,0.4879286968708989,0.22528821148356026
0.5148673421193397,0.504666809743104,0.20720583810703397
0.5410479118376772,0.5264639491449223,0.21585176164252784
0.5066083484220165,0.5054594908657659,0.20474938113199892
0.4733861341562502,0.4796039947014261,0.16651345410908003
0.4155533650614478,0.4040274881824315,0.13315653206231792
0.4285285643524306,0.4199718610045329,0.15145333912002212
0.45839319877436946,0.44928936424134935,0.1486230848078126
0.502859393308988,0.49273838375971657,0.1549686734314787
0.5006173065766717,0.4907456390525313,0.14759652049338445
0.5118959395175038,0.5036794742234143,0.12350622046929116
0.506124913664272,0.49668618776399764,0.13620768067774647
0.49508201651125283,0.4853411633960176,0.1375460273622342
0.45881894847233795,0.4541207250492878,0.13259119185027268
0.4675666799529017,0.4583486994627828,0.10070105278128072
0.5342214413128721,0.5290830643979652,0.11659352724688654
0.5041742985132958,0.4984622723558134,0.10761023227958821
0.46305102347134586,0.45395159934534046,0.1264720615887831
0.45984778412743577,0.4508155893009551,0.1339275900182535
0.4603915057281238,0.451354780022033,0.1445236610517332
0.4630806680030304,0.45579897726214913,0.14019650091976132
0.42503592404153867,0.4149010367103614,0.13206876942576617
0.4625878906286802,0.4535407585753939,0.157375181905006
0.41209374721339653,0.40398564300867523,0.1611043773038866
0.3757239666238812,0.3693520212779253,0.16837340993963879
0.2792499824398216,0.27061118729052636,0.19655797953766196
0.23730965062484355,0.22914420126330892,0.22248958978472588
0.2715894526626288,0.2596346804581162,0.25754097430657885
0.2563035576753747,0.27409363849242974,0.2677102387203407
0.2750576611791171,0.2767690435352481,0.27131158219625573
0.3219777966493744,0.31374002973458426,0.2941564979419117
0.2781772678931338,0.27892910555533224,0.29116988244490016
0.2806938526678544,0.2697792687676448,0.28339656271236147
0.2512028048345618,0.24661176896743164,0.29321813050984313
0.20965257632148138,0.18269872933711007,0.3314280182705508
0.22062503470868533,0.21613672983236443,0.34372247332198724
0.23492722636790786,0.23558875704375026,0.3267001148239439
0.2572876037149219,0.2521444823944736,0.3430445631734209
0.2755981938585901,0.2709538961451412,0.33783039844747953
0.2776238389987937,0.2742259261782438,0.3274094760918247
0.27270811246329396,0.26372695442979444,0.3452564518224547
0.3232765524496788,0.3196300971041284,0.33732070423391913
0.3181880810534947,0.3227383136697064,0.34994572471843366
0.3065437612103601,0.30134645497674706,0.33196935051159115
0.30399999395341126,0.3023152463077978,0.3302088890457412
0.3531648942514076,0.34799106672437485,0.3574942524960254
0.35011686957247257,0.3445831571045046,0.3425568309677377
0.34084750773371564,0.32800053252156847,0.3542995462565365
0.30230550614853424,0.2957754101281598,0.3288810992038168
0.2585500939632257,0.2605535539687316,0.2835008648765861
0.2851456447563634,0.27959756788780643,0.2854608347455483
0.2677933735410951,0.26257221525211527,0.2347736920597474
0.26833484641009564,0.26663433153528393,0.23884020151261032
0.24843538085390415,0.23059810703711658,0.24075045322498478
0.2738616162669536,0.26873005587672116,0.24236460868885856
0.2569746561872024,0.2575788156173324,0.23530096819065516
0.27478578502221707,0.25232820164726855,0.2411045611773004
0.2201188540811998,0.2189027575235043,0.2263486415353797
0.22871916775187318,0.21084270550764606,0.1970405584573841
0.34087045026074847,0.33438227003551635,0.22798929188435824
0.3916086131679668,0.39310789125100065,0.2428261133815094
0.40833168911869766,0.4039154577212489,0.2627611768415741
0.393936913813989,0.39081958898689884,0.2788375177356126
0.41368808045099215,0.40591448169131894,0.28987843250566925
0.4348840369959932,0.4267307752034757,0.27738382565835584
0.43528745328824225,0.43177651952230534,0.27528303767594176
0.42568548045362054,0.4331975804460866,0.29212471027707987
0.4118572294184446,0.404149549698376,0.2851077447882916
0.386974686332068,0.3797273232108296,0.2598558650415457
0.3643542191192717,0.35753109655875326,0.2515612195581193
0.38900931326414323,0.38582962127738973,0.26058333455313387
0.3334315585599068,0.3317024732427032,0.25003318783051753
0.24836461886807948,0.24505604521107083,0.25936689211156727
0.24375544192430043,0.232378680025076,0.29094298163484034
0.205750665513611,0.21030303320177568,0.292584523157422
0.13228939167625775,0.12349976327188061,0.3765178832502689
0.1316950448399421,0.10747521317914588,0.4506112416792414
0.12540798707780398,0.12943015596369678,0.4804840846270424
0.09147768866702277,0.10445702933124901,0.30974136260423923
0.1127869655044873,0.10258265804098521,0.32536073003735955
0.12070184040206566,0.10879007647078964,0.33467688372147075
0.12425199738654236,0.10677675252814245,0.33863371681332
0.17682235460123996,0.17304431065509185,0.3581776313936469
0.14519043820236677,0.14972190165254418,0.3011540889103903
0.11753204783458049,0.11928605926397085,0.30881224473566493
0.12209537356121203,0.13314791454856412,0.28285383910546646
0.14396022535106257,0.13360033291363838,0.2987058017357428
0.15882362239251435,0.1497627291725827,0.2820044490742819
0.07295244443650306,0.08853586688263704,0.28179759065613763
0.008693238977178108,0.017370171911826215,0.3191601664423247
0.06712960640751309,0.06589931083109546,0.34319556738964396
0.0,0.0,0.3594516336713931
0.017495537752113766,0.02060467202480032,0.380227281926971
0.053393920150794916,0.046999219791885594,0.4037874821286027
0.0636151342360094,0.06248474976653062,0.4141097855398068
0.13054963617845017,0.11996816723766779,0.41830942558952766
0.09948515953695836,0.09450544782923265,0.38186837325682577
0.1148701282149025,0.1128331570175436,0.3751948655859705
0.13120897651300112,0.12888054700311669,0.3488207388201918
0.06511003586558939,0.06426593925230151,0.2787223077510287
0.06672608058333696,0.06558117393125507,0.2880712715914867
0.1083726212665046,0.09181854223037966,0.29556023288346567
0.11085113775648514,0.10891103797051915,0.2859571859907758
0.12790824328871508,0.1256689314800461,0.25265931028629784
0.10915088187920796,0.11103573110536491,0.23641786532489462
0.14068742624965047,0.13822285990449545,0.254828261234453
0.13225810571827212,0.1276585754842916,0.2376322645474066
0.13385416970875097,0.13153539992666108,0.2519856802456505
0.21107483460263898,0.20617494996791752,0.29087703318783076
0.19623232180480876,0.19167041693496722,0.293904188169699
0.17632442669142412,0.17366831040645891,0.2755918857018199
0.1827363565426663,0.17955081258498318,0.2776174572223271
0.1423899599974514,0.13994247346896893,0.2845761463416855
0.15381433319225568,0.15116645584655286,0.24671956999040412
0.17351199983906085,0.17638095157319533,0.21051248521780808
0.1856446933480771,0.18472556210236846,0.20734759113819334
0.20651951746631791,0.19919920918937128,0.1683479559856751
0.20130419330497062,0.20547617623386172,0.17825270521621306
0.2236023554158293,0.2197183158531426,0.18212142520712327
0.20474236475993735,0.2012128168832743,0.15398033399725763
0.249445352794611,0.2429951579604004,0.17027858582067756
0.24277044156915562,0.23855977859648947,0.16713240025973053
0.27538875347292757,0.26642250426935776,0.17021847603526574
0.26072821992537065,0.25621189539733225,0.15935809303223236
0.35030934478917963,0.33059673165339687,0.18133222762433887
0.285211161766763,0.28027331510084785,0.16666524234126034
0.29256561018435656,0.2875033725529814,0.1627730350581046
0.2775725753622056,0.2694713562800617,0.13793524113617417
0.3187644388633126,0.3015243868691888,0.1475065158508746
0.2905106574383085,0.28849932249702626,0.13623118545497337
0.31449067890710936,0.3090617831928415,0.11950780167937292
0.30971306239548646,0.304378936877856,0.1288699467238077
0.29614501407686866,0.2936189986263349,0.07951328534150948
0.2926672919975757,0.2876689151051379,0.06790041427831028
0.2945927528404879,0.289565938149142,0.06355118428677886
0.27235667014466935,0.28071901873086524,0.06622422709975928
0.26079412195836316,0.2661724836447483,0.03630982653581383
0.25533986529728336,0.2502231186941173,0.025215715155301632
0.28267987715541887,0.26171122085728316,0.03754728630623294
0.28483563526226874,0.2696750866737485,0.04289003149136417
0.32010045533800024,0.2967936807373328,0.045192150093175454
0.37687281094683733,0.38291213588460504,0.04896201858430793
0.3632502397566535,0.3570467787102918,0.04161713108101717
0.35786281461790637,0.35735057876469245,0.05346575054157332
0.3574027439324867,0.3529721679672906,0.04946698393652671
0.36499659394936224,0.36358505478891523,0.036648969657903985
0.3976722930631933,0.3949514297191872,0.0446868621704114
0.378521048660299,0.38288465497256663,0.0658414262473197
0.3569631588875417,0.35651382331948245,0.053228661010846334
0.37834157863442197,0.37089663033236775,0.05389247617736559
0.3807595997615145,0.37677332630226346,0.0478981640673688
0.36521522912071536,0.35815990770956496,0.057721225627727746
0.38196534666032367,0.375504313764945,0.06864551451413847
0.3943979864703273,0.3817246756259731,0.08768040551712897
0.3904948758480815,0.38390365891913625,0.08863122159391379
0.3666204557604589,0.3628820394216423,0.08525006328987184
0.3883589692172098,0.38529306351511483,0.09260238003538857
0.4017217664184658,0.39010071361587606,0.10511675447641922
0.3890542165337978,0.38252670937465805,0.10802428450783408
0.3747011285671418,0.3684412954286733,0.12308590828333155
0.3626482517067178,0.3629672417481937,0.12207068972014434
0.3496324546570957,0.3438396533477981,0.11658196584918112
0.3461005573601392,0.3403808018431329,0.12118418385068652
0.3620898640214447,0.35404633484386716,0.1250255249779918
0.4021687431946148,0.38879203788262195,0.13288161657878905
0.3960287378537801,0.38672025463695014,0.1128503890163286
0.3692826786743151,0.36802554155814704,0.08772330389225558
0.3214771925052009,0.3197746848894223,0.09712411112776753
0.3095099124609133,0.3045034994212692,0.10945569903455321
0.29753234138917684,0.2941669506098652,0.10160151357904634
0.3128589037391807,0.3035444385831587,0.09042627995782071
0.35367931499050176,0.3357758571892271,0.09795907095570855
0.36441563544345623,0.35870918812959385,0.09280991110863612
0.31203973594384404,0.3177136167456154,0.07288525492781184
0.3201174679592613,0.31422694287211206,0.0674952655898321
0.33111951221658664,0.3250593786865461,0.065486992801574
0.3317199140879703,0.3267116745718486,0.06047597179004438
0.31908913443944087,0.3122650176996187,0.06334466902666214
0.3140997494924411,0.3090960570998158,0.06626738239359597
0.35415821022780936,0.3309821780259248,0.07584666229389592
0.37406103249132716,0.3698322703593844,0.08422499308274967
0.4695332085330568,0.3972550456427202,0.12330964475173833
0.5230275843589691,0.5119928930729909,0.15291514356545777
0.5196945418004804,0.507227842064311,0.16323749799416953
0.5333852845092188,0.5244739835728112,0.1704267275204644
0.5262797319655546,0.5163215927224236,0.1563194326052546
0.5171822187036605,0.5122409211905614,0.17050682392633865
0.5257161841525306,0.5218031086331285,0.17192814618144991
0.5051893905202629,0.5010267339036414,0.19147551106466054
0.5080175344707216,0.4931995119336463,0.2023109348199016
0.5130360979345276,0.5012671382128859,0.19792209374511616
0.5007888909233875,0.4971050332586513,0.18818086276307655
0.4865742070397747,0.48160526344230536,0.1968026180240161
0.4785485009691888,0.46331247093657346,0.2008237553939709
0.48878989446867394,0.4843270387444836,0.1885871156943172
0.49813543630315316,0.49096500392274756,0.19142247402197965
0.48696952916423086,0.47900028018978613,0.19871144888590908
0.4889626992239604,0.4809630436202479,0.21332306475938678
0.47432332403330424,0.470756896386602,0.21295116903498335
0.4663099590050521,0.4587293846975591,0.19484707680539093
0.45983117846180743,0.4575862531900956,0.2087525124044557
0.48716048111940147,0.48302951383631854,0.22695991625569734
0.48880016909245505,0.47872922262455386,0.2069828709284175
0.5372773744656598,0.5292808017141555,0.23144232929035935
0.527323283626937,0.519593549047964,0.21122456739817486
0.5266422136334139,0.5121966318072868,0.1963260958733235
0.620020572411419,0.6303148406248562,0.21192043822649342
0.5810581607274887,0.5714850098087503,0.1937830263109933
0.6157943265756911,0.6040857691718031,0.21201054158951316
0.5932063268151326,0.5965793261280874,0.20959506894527347
0.5849050877385604,0.5764686115013458,0.21283526079141557
0.5811418513985886,0.5734799412317857,0.21003852767698672
0.5639405995902251,0.5542142581181153,0.188987037151215
0.5719788133391797,0.5612488493638841,0.1632876542913989
0.6052996550616481,0.5964721882545367,0.16924080199376268
0.5794513713365737,0.5702048333184351,0.14771265583363902
0.5945447191732214,0.5785973392432862,0.16165424485656532
0.5660443033955387,0.5568310760230863,0.14003605218319626
0.5774997032239533,0.5684871083347343,0.1366566058245806
0.5690639547223117,0.5598103642473484,0.1321273076012297
0.5689507179980593,0.5597047742256933,0.12793756754490848
0.5924549088174249,0.5827965005082945,0.12895851251810775
0.5850662256426622,0.5741870024965294,0.13162913415487942
0.5620830103657672,0.5543281311188011,0.11660850910227127
0.5615041222087669,0.5487455025053949,0.11803482098478701
0.5751091792296785,0.564791980898006,0.11309586872071264
0.5734951408458935,0.5630782183759422,0.10714039361172534
0.647533896015557,0.6377247893061799,0.14416593451204018
0.5077614890720046,0.4939248621906094,0.1652470072230796
0.512043201157514,0.49694534656198286,0.18132424468608488
0.517255023707671,0.5090241429995759,0.15390054063412828
0.518506845948882,0.49604623330149966,0.14461052750305736
0.5095484651023137,0.5149691700552008,0.12461194921599306
0.5314265894120256,0.5252562543609969,0.11952511704596058
0.5626751304686204,0.5543837156797107,0.12692449200847755
0.5949295693334502,0.5853452548572102,0.13192641178378428
0.6253642430768966,0.6152482241805455,0.10851066996757708
0.5955842532933167,0.5860164260131882,0.10091756535155283
0.619811725232208,0.6074129560314754,0.12508068691691665
0.6232838945415704,0.6135368682703293,0.12797054660385387
0.5682112373212203,0.5585120485725552,0.15471426478007588
0.5912191483081246,0.5817591653261145,0.15279332352393504
0.5758441314204061,0.5773440889493662,0.16861452098223917
0.5683097657477099,0.5642719384906352,0.17477508154447052
0.5764825555273703,0.5705486377269127,0.1845857259406083
0.60346993618134,0.5938385224864229,0.1981521375369496
0.607964732345212,0.6050532613628299,0.21422276190208378
0.5973656153262041,0.5878648094676997,0.23214732691869688
0.5969407480704838,0.5845426085711329,0.26354676766319485
0.5826339960914133,0.5768986495569273,0.272683702918987
0.5808263660523743,0.5714279272392568,0.2818132603575467
0.57320171757857,0.573265064882488,0.283671765313389
0.5800419237849619,0.5682140895039067,0.2647608487206733
0.579069884720183,0.5773310924134174,0.24459940582079864
0.5772609330927443,0.5681805057879288,0.23343827266616013
0.5532231929173594,0.5462035829921925,0.2434450875630949
0.5682912218995364,0.5593924255302705,0.23795802129793187
0.5988985532907671,0.5850790510015784,0.2565391815261925
0.5867132459644298,0.5774990339854718,0.23019168973667758
0.5964491371211622,0.5866752920047267,0.23223491166431964
0.5825906574338786,0.5802643820391848,0.20677139024345292
0.5753109759231849,0.5659893480823994,0.1973713442099907
0.5508604538902659,0.5481333759873293,0.19570360786725516
0.5733763101603886,0.5623599119464879,0.2074052745047995
0.5860380900860394,0.5837730274616577,0.20160828354214588
0.5821484268766328,0.5730735158784359,0.17909918537685487
0.5799111809937223,0.5708845887780569,0.16426993772678822
0.5888170944670641,0.5837599992957321,0.15951029715285292
0.5748128967671029,0.5693087265616041,0.1571565944768717
0.5825958640688951,0.5551046991048043,0.16861963621561926
0.5890668216003228,0.5789397827566312,0.1497814625285081
0.6721073521797898,0.6614645933273922,0.22225092621492915
0.6644465714129248,0.6378082938612728,0.2292432686097683
0.6390226575398845,0.6289881172371299,0.22469469002102005
0.6335119891901329,0.6235859092410614,0.1983939875174603
0.6426603311066952,0.6316634406110753,0.1953908846710395
0.6304622293818438,0.6220075696081144,0.1865951936726572
0.626985965001662,0.6143651869629778,0.1586666582964631
0.6346087038855881,0.6247086196576825,0.15793909873584044
0.6371807253400101,0.6240311764657642,0.15381992273920808
0.6334434493136696,0.6236487225577632,0.13059451139141998
0.6215363148215651,0.6157207954168351,0.11415642974873008
0.6043051633204195,0.5939487691304128,0.11410719545641346
0.6343631012514424,0.6306533076986396,0.1464572112871685
0.6253193737961782,0.6163082198127281,0.14321926038855315
0.6110205004922591,0.6105526927946183,0.143902458386438
0.6045317259563934,0.5969364855389383,0.1328508004566613
0.5996346406779738,0.5887785463203876,0.10996642443282023
0.5853251393662164,0.576373701697916,0.09864788044195416
0.5708658136226443,0.5621805468515904,0.09996541240715062
0.5748605177453339,0.5661112114904601,0.10252934623831811
0.5852702860354109,0.5763410067941761,0.10547207216291754
0.6314839634501874,0.6217505702235817,0.13116750790267273
0.6123327931996094,0.6006752968038613,0.1163930050852342
0.6090438256304607,0.5962447343467643,0.10694431544787475
0.6175303850959111,0.6073305374221212,0.0748560821329729
0.61315750303537,0.6020223180859734,0.04663453350829172
0.6193248024761786,0.609843564833711,0.04212856990020253
0.6256908636531522,0.616101895161929,0.046164916039388215
0.6220873319813593,0.6113306755274124,0.04990531303079948
0.6173415475432931,0.6056906215194422,0.04410397831583779
0.5959580840068437,0.5869299642023948,0.06953011505545015
0.613441406880054,0.6041062653124971,0.0729089181385203
0.6216697062289631,0.6122229814588209,0.07392483026349794
0.6117072555654888,0.5922115968556616,0.08683938410766256
0.6124685287449338,0.6032141741219474,0.06738307324247661
0.6201484042313465,0.6103089555401331,0.06403752376786032
0.6039443404001172,0.6015469064159262,0.051159236708487876
0.5824115149706115,0.5736683063175159,0.04178259634617765
0.5778293181185763,0.5711876847634132,0.04262780769914021
0.5441911196019626,0.5379912819620767,0.07244878397626231
0.5535592219143117,0.5409314273757655,0.09305965174114605
0.5504235286687331,0.5422746443848885,0.09248941439736613
0.5304324071071269,0.5226434155200659,0.10328915493844026
0.4965198301050302,0.4962061115284646,0.11107887666054139
0.5088154421220095,0.5014373557125849,0.1366714425283696
0.4481745509618964,0.4482540365203924,0.1385503441567859
0.4497506013922914,0.4482540365203924,0.14989669464464728
0.48850838834414123,0.4597154168948272,0.17654470704081937
0.4739991627350566,0.4657906056944059,0.16113557067043704
0.4903411902703807,0.4833467311412072,0.16597105803796708
0.488293484975749,0.4813393791863536,0.16641843834051528
0.48536508962607616,0.4784755647804122,0.16375789057089996
0.47749644851325534,0.47075353395475616,0.16127834210877479
0.4873161649701423,0.48040980929666954,0.16517993079217963
0.485640254833541,0.48398018891686334,0.15269258580900202
0.4991360099782556,0.492027872339885,0.1508482879317814
0.501074425262459,0.4921468174172965,0.14436735727793526
0.4831425513600376,0.47660576627863094,0.1580168884766624
0.5095902102686933,0.5023256160925325,0.1642413325430493
0.5318404153145702,0.5198101115072769,0.17500665357317213
0.533680732734239,0.521578552866167,0.1779741907591158
0.5133906360193654,0.5099831741488527,0.1785997920252388
0.5254877952347474,0.5179756194408593,0.16800056203924518
0.5287900143578499,0.5212261318690645,0.14438434800904976
0.5268043573487899,0.5192770415873564,0.11388091362976116
0.5138922779417916,0.5066066977427077,0.10266751599578527
0.524166920423025,0.5173062655810972,0.08977243452188133
0.5307858811837898,0.523165730514334,0.07972965876214444
0.5291185128352716,0.5215779316568021,0.05668689004840588
0.5369603596670354,0.5292933862259854,0.037353397563992696
0.5177330137630651,0.5104249810890096,0.01638927174859872
0.5004642430801409,0.4934705528177874,0.0
0.49332500433017135,0.4864649324350978,0.0020151491841611247
0.4867849828042834,0.48844621675417876,0.0031277313925843764
0.4700765954396413,0.4796512112732305,0.0038664512195154543
0.453182223749069,0.45486933175974986,0.003648378949603126
0.46436270258458734,0.45805017721742836,0.010726877684116731
0.4641504548093973,0.4515151898572265,0.017963891384863873
0.4597153273389125,0.45350154742088655,0.016549859000654754
0.4852262610065914,0.47614101648487495,0.022100732075163276
0.49510024617045456,0.4836423880419929,0.028932164686325534
0.5012624479745247,0.48808734865360126,0.03211571814451142
0.5228162448961449,0.5156598514929485,0.038683097958745805
0.5256180479761081,0.5129559226832869,0.04573599784604121
0.5899470787045136,0.5814814189742643,0.0765026285893502
0.5949162668330548,0.5863710026096145,0.08857384307831884
0.5920914972282336,0.583529333820187,0.09640616137359692
0.583691459975948,0.574018562517244,0.10590028207283464
0.5820757641933589,0.5734494033784214,0.11458440922745539
0.5930147748391059,0.5845399591954434,0.12660439191645678
0.5784795196620571,0.5707068961384305,0.14066269721069224
0.5699695173648367,0.5576661936403067,0.1471219675577935
0.5850832294390926,0.5767726105254098,0.1579678608114834
0.5809197527452437,0.5726926690437653,0.16679821825230046
0.5957683243032657,0.6025554442032481,0.1814675216117302
0.5818855857709417,0.5736610109890776,0.18741687024425768
0.576248660467618,0.5714373422794745,0.17906948003187784
0.5763472767854445,0.5746456753546685,0.18385084285768605
0.5780673874040687,0.5710041761135614,0.18079527108277216
0.5846656603714084,0.5769466459762755,0.17989072782411664
0.5831289846291412,0.5789623594600855,0.17151759712507286
0.5560681585070153,0.5493380118112219,0.17052077563453527
0.5581884982192173,0.5504318768646987,0.11248893379153879
0.5724815718252225,0.5607427745776858,0.20447723192796807
0.5587989353599845,0.553478878263169,0.2212788866071731
0.5549669433462325,0.5472882662846086,0.22784045183606028
0.5687357321218718,0.5651267077862245,0.24871239250085808
0.5451846748791391,0.5451833171661296,0.2343454671980748
0.5091873162498377,0.5023461761973067,0.26445316890482984
0.5177092295950736,0.5134044546331085,0.266272669126857
0.530491420314827,0.5248245560406568,0.2606362586570924
0.5379976202640151,0.5329373782094979,0.2490658066149788
0.5405698075120267,0.5279429904577109,0.2553738572031391
0.5342251316094808,0.5231066704425746,0.2575039963643645
0.5361911298409945,0.5289289285859216,0.25615898921624103
0.5111093649967078,0.5110977773320213,0.2533487719973845
0.5196370742823406,0.5139546815226792,0.26079013052684763
0.5212930112918164,0.51780557506516,0.25661669932362874
0.49225147443764605,0.5057565491937792,0.24546402632989472
0.48544660868115486,0.47836324697084365,0.245571485105343
0.51005929337179,0.5033023730074948,0.25338213528279885
0.5117388728709349,0.511684832630718,0.26176961694803536
0.49106812409961,0.4846667533134603,0.2769569338883777
0.5418739304734856,0.535445563559942,0.30007361746862604
0.5394644865863976,0.5322238946021605,0.3160427674595727
0.5116402328234786,0.5049010570780466,0.3241920772200214
0.5070043322783544,0.5014707421056164,0.30958375876080413
0.4860919558002337,0.48145296341607935,0.3338409089863248
0.4498162197299722,0.4441965103768526,0.34842764520195557
0.3872010898932814,0.3717223354537573,0.35128687886211074
0.41204319267472833,0.409065455754412,0.36895125528753203
0.4315169517227595,0.42690774017562827,0.3729582677179979
0.42493879790620603,0.4197897877915153,0.3392844864001169
0.4019911151744058,0.3951512389618399,0.32100699009566314
0.4217970852210744,0.4198251687895169,0.33840188054078457
0.3833445334714982,0.37787603024675764,0.3388751733464136
0.3800768069307603,0.37866872710980903,0.3427966488137649
0.377747289514188,0.36683035243350925,0.3592688289099304
0.39650042445087585,0.37710935318305694,0.36487268961220465
0.39633279341453065,0.4038761938183688,0.3598149234295147
0.4109097674754567,0.40608728306191555,0.35694689360686194
0.3846269873350536,0.38932283200312323,0.349355200007352
0.4191663385608093,0.397115485501657,0.35684845586772984
0.41882061062803455,0.4167632123662637,0.34097594526179786
0.3957731169104157,0.38758163975419446,0.33804795808970434
0.40478896331817094,0.4001172833877602,0.33740169945168097
0.4189428732967313,0.41460435246744076,0.3351705664497412
0.4451154143278542,0.4397419618946632,0.3308741106447932
0.44335459489606244,0.4380147005892274,0.30598679853745914
0.46342957821453545,0.448082418350757,0.3066408828870455
0.45729630083499995,0.4517345805269981,0.2874079617701001
0.4406206789677132,0.43535604159829244,0.26969802780909946
0.4276639830008939,0.42590168198943346,0.23292715935646602
0.42787951531439106,0.42588958405394894,0.2150052611790828
0.4098656880308633,0.40517112452017123,0.16433239419664802
0.4773146886792814,0.47272169811590814,0.16068953068119107
0.4809612307582416,0.47503478203626504,0.15601263179749836
0.49815993458209107,0.4919397275270079,0.15398009285596992
0.502924624565539,0.49573828378437845,0.1430310290327922
0.49694511475053016,0.501159977656016,0.12471370746197752
0.49906462136080343,0.49284641788042727,0.09941853178783677
0.5172018100006852,0.5123157777141181,0.09461629034345975
0.5013734098972726,0.4951272813994807,0.07126730581177243
0.49451889165053586,0.48942779443351814,0.05527758217062728
0.4962363823377931,0.49306533978325096,0.06171682187908567
0.5149012610115911,0.5053471652933696,0.07249641796877726
0.5250931543676245,0.5140607946289881,0.07453614123434005
0.5413780761709122,0.5426735695798799,0.06729985341024347
0.5202015918457157,0.5229779117263549,0.06746184623796647
0.5185052107103489,0.5120097266672037,0.0683908010099531
0.5228739222913168,0.5163073891743446,0.06758382180802835
0.5344089344709566,0.5231974297017903,0.06152635178314603
0.5224397434190529,0.5158961416491703,0.05457742660302922
0.5166978916121359,0.5102575984174678,0.05453899681521435
0.5170966283044409,0.5140434884070402,0.05310123600107697
0.5062298909542324,0.5063309529127347,0.05403321556186369
0.5161632363011739,0.5059038250746717,0.056265949318919484
0.5581638731107512,0.5488037575162368,0.0722350999722674
0.5613105305341621,0.5582872393280631,0.07822528493196301
0.5542344109285864,0.5471851575835753,0.06999419206823554
0.5546149112143208,0.5475688359461142,0.06360965855089395
0.5464083310251393,0.542507794240338,0.0632003180536711
0.5379295779558877,0.5320979114717206,0.05992178537389237
0.5353080156412187,0.5260395416682035,0.04950854948285055
0.5500630091838179,0.5431426923004281,0.056637319429839295
0.5457050609312244,0.5388679440061281,0.04975713731169984
0.5487352564165873,0.5374239762928799,0.04921550611603509
0.5449129526317442,0.5401721247053448,0.04833781643015456
0.5434725602710788,0.5427229961373632,0.04419267862904919
0.5244914916925634,0.5171634056643057,0.03289109736247431
0.5302299032362914,0.5249075903292288,0.025344173309532425
0.5268042435123608,0.5110962232451808,0.026952886321572334
0.5469212883208536,0.5401341190676048,0.028430761453662745
0.5601143689969676,0.5467570429899746,0.036458816042278186
0.6107648626603073,0.5973631508415851,0.06811463587127353
0.7287603300000924,0.7064635688683234,0.15531907253739097
0.728476575973291,0.7185556386437328,0.1895343023870133
0.7093376877214759,0.6997570163185127,0.17673175573500544
0.7011101443818335,0.6896364441904339,0.24736706102207873
0.7005482888574113,0.6903784977639349,0.26904437967184225
0.7175111102901344,0.7003735432033853,0.20355884918395262
0.7070373967923711,0.695352730176297,0.1914628277642646
0.7058849496065029,0.696405154955575,0.17862133876700115
0.6791565378713411,0.6561169864297538,0.19590418614421368
0.6955599487717805,0.6854467972939444,0.18782272032216063
0.6886723251994695,0.6793586066498252,0.1793535661806448
0.6819164174749837,0.6729040887473721,0.1826373481632807
0.6788646106897875,0.6699129167867586,0.18237682347028084
0.6661179544627043,0.6573380526070194,0.18909654753637006
0.6601255321055453,0.6481545253283363,0.20165561394545095
0.6392842730351695,0.6340716604503527,0.20484795354790908
0.5657852926062379,0.5652358212758148,0.21675487988660558
0.5980832738230468,0.590585038775675,0.23030633847946924
0.6062420809828524,0.5986114992992206,0.2341744913725088
0.6503172704794293,0.6388603379719404,0.24445823698576297
0.6793074866271374,0.6764240531853298,0.2694153891255765
0.6979971893344858,0.671374199235891,0.2762071719334218
0.6970868025178429,0.6879007800397048,0.27204346837969096
0.6854082688929664,0.6764329926855304,0.247118798092972
0.6621123593209584,0.6535590010409544,0.18177945229095083
0.6444268043412267,0.6394036772075982,0.1537951384982611
0.6491562075086303,0.64186522334413,0.15023714359266682
0.6437602361485215,0.634345041889012,0.13385833093258925
0.6668814895658528,0.6687109741146022,0.1267350589209313
0.6395734164551179,0.6314413950752868,0.12265380000083403
0.6368227035874101,0.6248763445122734,0.1192101391426581
0.6484597838922328,0.6386579953101847,0.12471127347854483
0.6416070820309763,0.642643475570928,0.11625791337488323
0.6223603079384041,0.614399483832254,0.1062500716681164
0.636331822806568,0.6291049065708032,0.10693188822552602
0.6472716130108465,0.6390669647462941,0.1029216979952069
0.6331914922939399,0.6264635575397932,0.07937956461730611
0.6538387121823099,0.6448176525535292,0.07803438512203686
0.6552312766544874,0.6449016967243582,0.057622527008762026
0.6428948170302746,0.6348033511037707,0.07113504242469393
0.6347282400215821,0.6267918561268582,0.05163272285741172
0.6355233537269394,0.6291646596068263,0.034350439197870175
0.6703356785769934,0.6617112669391414,0.04610177910805047
0.671327395125263,0.6592186809501106,0.04685555058992319
0.6506711696627887,0.6419266481671517,0.03682400757250881
0.6623286492285336,0.6539492867160268,0.037363200519070716
0.6418818577711178,0.6377167848381404,0.03357307471458837
0.693770820139715,0.6797576514799974,0.04698122438011165
0.6823024300836833,0.6736075721481107,0.05047692874105181
0.6780252100664308,0.6696960763620448,0.04709970858594548
0.7197986145086928,0.69959799950965,0.06077866861300418
0.7221021822894258,0.7127358242150779,0.08918976879834117
0.7159896254784544,0.7045968412591916,0.0959675481062553
0.6813077831099132,0.6834150024833816,0.10640405403778785
0.6487371540732774,0.6504453275690922,0.12644723085503495
0.6848461014420417,0.6737755834118575,0.15054870518757435
0.6964489048582285,0.6887328602573826,0.15516267365367264
0.6925655013062988,0.6837687181781584,0.15714221427897312
0.6650780684712361,0.6576138981477762,0.16215439151894495
0.6707693995436248,0.6549431190020947,0.1721440025484311
0.6673266858271969,0.6589867205898567,0.18300992240081226
0.6494085742772082,0.6438585473429397,0.17798955819801798
0.6641812360312285,0.6558087862445445,0.18173330796590403
0.6703088824151449,0.6572360294414361,0.1768169117853593
0.6768796482892547,0.6685447843283532,0.1837590501776858
0.668277974590465,0.6615987494786886,0.18843803485812105
0.6724413980951631,0.6591407232554802,0.18114787964659773
0.6582346769061207,0.6486192477268808,0.18042309147865787
0.6979377711738657,0.688980375496989,0.18596328571306986
0.7246308026185719,0.7153847602665122,0.19414241067840876
0.7341438396125737,0.7142698564823382,0.20378236348075662
0.7004283706529444,0.6898983710646949,0.8776554403852022
0.7065404285675925,0.6865346827586727,0.8740652616975171
0.722167623899062,0.7130093987549495,0.8814109347509638
0.709042759335305,0.7045370013566448,0.897804816806534
0.7400940072511046,0.7306368212090257,0.8976894642205411
0.8534631724718338,0.8420477728199476,1.0
0.8784699502966626,0.8666333609810488,0.3052001283957596
0.8608772798715512,0.8459252681220182,0.3068164133148056
0.8811219198743361,0.8793673381634255,0.3171980807167395
0.8807417024065751,0.8663313390642138,0.32201209069351155
0.8698999673343364,0.8591173285513145,0.3315227832947697
0.880409774068907,0.8706407486396133,0.33437183748046473
0.92325007969895,0.8965782545024021,0.3455321751568263
0.8912683689691967,0.8773178745690524,0.3471180440494599
0.9074016533924656,0.8927707987425784,0.3641079615169872
0.8862562931918001,0.8743525949688431,0.39481814609421084
0.8802558254663531,0.8684697049011492,0.3946478513716629
0.8934985402560454,0.8796574309682779,0.39461672023891814
0.8967431880037031,0.8986217802940972,0.39405683742166153
0.9010054956542479,0.8888828228913761,0.4005907560434119
0.9259334955390104,0.9133902939942278,0.4129671347990791
0.908312176507688,0.8967478626108054,0.4168058655222511
0.9166896595565097,0.899056672279718,0.43011509661938874
0.8969984243854308,0.8869756007729244,0.42332409229135237
0.9364666653991041,0.923773211235444,0.4416599076431924
0.9682555278958986,0.9655590111428145,0.46384583199341134
0.9842608772723409,0.9723845439739005,0.5022695868915226
1.0,1.0,0.4848760082454384
0.9891296698698664,0.972488485344285,0.47891973500109786
0.9619313632092457,0.9570486338780952,0.4172204648703508
0.9478380584797534,0.9171739258965745,0.44198022605679665
0.9680253842299509,0.951644557776298,0.4261667495953203
0.992764615253078,0.9854233595041153,0.43021096800223924
0.9871676762661297,0.951728747277496,0.4498048111356514
0.9291807971976791,0.9115353961323791,0.42788854827597955
0.89018380458681,0.8886615515149332,0.4580873580880922
0.8813456258719752,0.8620842187162179,0.4694538418395562
0.9211758039717264,0.9122577940265364,0.4620613828862994
0.8522200175179631,0.8495841886430711,0.4621747522190274
0.8243335294156928,0.8137082583206894,0.4799839115793667
0.8127691481099788,0.8043903209094125,0.49889665556368334
0.8622353510881178,0.8350269109219024,0.5325071662804604
0.862023208911082,0.8574407667852908,0.5189784127506758
0.8800004349484354,0.868852024847353,0.5282769940311209
0.8699607105176188,0.8585870253003609,0.5316571250706412
0.8786241712328602,0.8693364261977061,0.5257280918352119
0.8838817423013934,0.8722934309962307,0.5486447478308036
0.8768265085294411,0.88113085030718,0.5262826913124026
0.8896018111478119,0.8843238167714125,0.5218786632019561
0.8891948229501025,0.8775479355992584,0.5236197725459613
0.910400645049446,0.898395929015698,0.5203973767072216
0.8743065093037821,0.8690731880760127,0.4699533357119028
0.8777614153199842,0.860942697380854,0.4716501097039212
0.8632898424110875,0.8511399730897127,0.45292098339474873
0.8543467448540554,0.8445988625295939,0.41938191876153175
0.8345495291165115,0.8339688929430711,0.3966575385471576
0.8409572472387206,0.8296788305823606,0.38246181566315607
0.8607418017523765,0.8486946924896754,0.3720912168805539
0.8825378816847378,0.8742602835735411,0.3688614648427899
0.85794823275811,0.8536021027820571,0.32497774632270127
0.8899968329512626,0.8774865546054285,0.31863645209090385
0.867510636089853,0.8601714059758665,0.2955616108406809
0.848257380495566,0.8374449158065271,0.27475571098298823
0.8677590049484838,0.8566257773043571,0.24443708431387068
0.9226810630490139,0.9106180314316203,0.23901575810245845
0.9074154159173755,0.89562568986209,0.24688032042854657
0.927948316405053,0.9158143726447552,0.2651515908409391
0.9057040131000127,0.8936265406359301,0.249059250183846
